,id,place,speedrun_link,submitted_date,primary_time_seconds,real_time_seconds,player_id,player_name,player_country,platform,verified
0,m3krj5dy,1,https://www.speedrun.com/sm64/run/m3krj5dy,2023-10-27T05:02:28Z,376.6,376.6,jn32931x,Suigi,Canada,N64,Yes
1,ywjg8w9z,2,https://www.speedrun.com/sm64/run/ywjg8w9z,2022-02-12T20:34:19Z,387.38,387.38,7j40gpw8,KANNO,,N64,Yes
2,ydjw8wvy,3,https://www.speedrun.com/sm64/run/ydjw8wvy,2023-06-19T17:17:00Z,388.13,388.13,qj2rklpx,cjrokokomero,Italy,N64,Yes
3,y2ggv4jz,4,https://www.speedrun.com/sm64/run/y2ggv4jz,2023-07-11T15:17:29Z,390.65,390.65,8wkzer38,Parsee02,Japan,N64,Yes
4,mr988ogm,5,https://www.speedrun.com/sm64/run/mr988ogm,2020-09-19T08:25:25Z,392.15,392.15,kj92gmv8,Dowsky,United States,N64,Yes
5,yoo7n61y,6,https://www.speedrun.com/sm64/run/yoo7n61y,2023-10-26T07:02:59Z,393.0,393.0,xk3nmqk8,DuckTapeDuck,,EMU,Yes
6,y6qdo8pz,7,https://www.speedrun.com/sm64/run/y6qdo8pz,2023-10-26T00:53:17Z,393.1,393.1,8vkrw22j,Tag609,United States,N64,Yes
7,y2jpjn9z,8,https://www.speedrun.com/sm64/run/y2jpjn9z,2023-02-01T06:47:01Z,393.25,393.25,18q652oj,Poke,United States,N64,Yes
8,mrlp2ndm,9,https://www.speedrun.com/sm64/run/mrlp2ndm,2023-08-23T02:15:03Z,403.0,403.0,xkmnnmmj,ZUMMI,Italy,EMU,Yes
9,zg89j6ey,10,https://www.speedrun.com/sm64/run/zg89j6ey,2024-01-19T02:59:26Z,403.9,403.9,jmolpwo8,Raisn,Germany,N64,Yes
10,8yv24rem,11,https://www.speedrun.com/sm64/run/8yv24rem,2015-08-07T21:20:12Z,404.23,404.23,,,,N64,Yes
11,dy4jg0ny,12,https://www.speedrun.com/sm64/run/dy4jg0ny,2016-10-25T19:03:39Z,404.7,404.7,o866w58z,Xiah,Japan,N64,Yes
12,mrr912dm,13,https://www.speedrun.com/sm64/run/mrr912dm,2022-08-17T05:40:11Z,405.67,405.67,68w4ro4x,wara,Japan,N64,Yes
13,z0lv9p8z,14,https://www.speedrun.com/sm64/run/z0lv9p8z,2022-11-21T15:48:50Z,406.1,406.1,18qowewj,Majoog,South Korea,N64,Yes
14,m7g1k9em,15,https://www.speedrun.com/sm64/run/m7g1k9em,2020-03-31T00:27:14Z,408.0,408.0,dx35yzej,TriforceTK,United States,EMU,Yes
15,y6r7wn0y,15,https://www.speedrun.com/sm64/run/y6r7wn0y,2020-09-17T07:21:59Z,408.0,408.0,1xy9p1vj,taihou,Japan,EMU,No
16,y2g8507z,15,https://www.speedrun.com/sm64/run/y2g8507z,2023-08-04T09:13:52Z,408.0,408.0,xyrqdwmj,Zhilkan,Spain,EMU,Yes
17,yd1ervvy,18,https://www.speedrun.com/sm64/run/yd1ervvy,2022-08-28T16:25:19Z,408.4,408.4,qjoolrej,nobori56,Japan,N64,Yes
18,z0x6goez,19,https://www.speedrun.com/sm64/run/z0x6goez,2023-10-21T09:38:26Z,409.57,409.57,qj23lpxk,Miton,Japan,N64,Yes
19,y48v3wqm,20,https://www.speedrun.com/sm64/run/y48v3wqm,2022-03-10T23:43:58Z,410.17,410.17,0jm36qe8,Xein64,Germany,N64,Yes
20,m7346jwy,21,https://www.speedrun.com/sm64/run/m7346jwy,2024-01-28T12:28:07Z,410.25,410.25,8r2w1n3x,Kinosura,France,N64,Yes
21,z5pqggjm,22,https://www.speedrun.com/sm64/run/z5pqggjm,2023-08-29T08:36:22Z,412.05,412.05,j96ww5vj,asandal,United States,N64,Yes
22,me1vq13y,23,https://www.speedrun.com/sm64/run/me1vq13y,2022-07-31T22:11:20Z,412.31,412.31,qxk4wo6j,saksdal,United States,N64,Yes
23,yon4rgdz,24,https://www.speedrun.com/sm64/run/yon4rgdz,2023-05-02T08:41:00Z,413.0,413.0,jnzgrmwj,CyanogenSm64,Uzbekistan,VC,No
24,z1lv8x7m,24,https://www.speedrun.com/sm64/run/z1lv8x7m,2023-07-30T16:58:33Z,413.0,413.0,kj9z6pn8,Sunnard,France,EMU,Yes
25,yv8nvvom,26,https://www.speedrun.com/sm64/run/yv8nvvom,2023-03-13T22:57:47Z,413.05,413.05,j4rpn7d8,Nils,Sweden,N64,Yes
26,m70do89y,27,https://www.speedrun.com/sm64/run/m70do89y,2023-06-11T23:16:22Z,413.83,413.83,8vo90m5x,Nicolascs83,Spain,N64,Yes
27,z0ogd1ez,28,https://www.speedrun.com/sm64/run/z0ogd1ez,2022-03-25T17:49:38Z,414.0,414.0,8lp7rqrj,kiliaaan,Germany,EMU,Yes
28,y2gkd4wz,29,https://www.speedrun.com/sm64/run/y2gkd4wz,2023-07-16T06:54:29Z,415.26,415.26,xzlelze8,xWicko,Australia,N64,Yes
29,z5e9wp5z,30,https://www.speedrun.com/sm64/run/z5e9wp5z,2023-04-21T18:41:58Z,415.56,415.56,8wlk4n4j,Kaimatix,England,N64,Yes
30,0y6j56jm,31,https://www.speedrun.com/sm64/run/0y6j56jm,2016-11-14T01:13:01Z,415.98,415.98,qxkovg98,gohanie,Japan,N64,Yes
31,z5kdjg5z,32,https://www.speedrun.com/sm64/run/z5kdjg5z,2023-10-31T00:16:34Z,417.0,417.0,8d35ly5x,RetroTorpedo,Germany,EMU,Yes
32,y9vkxnvm,33,https://www.speedrun.com/sm64/run/y9vkxnvm,2022-06-19T19:53:51Z,417.11,417.11,7j4mzd5j,Thomkar,Norway,N64,Yes
33,z0948jjz,34,https://www.speedrun.com/sm64/run/z0948jjz,2021-01-03T20:50:58Z,418.0,418.0,x353dr7j,Finnii602,Germany,VC,Yes
34,z0j0k3jy,34,https://www.speedrun.com/sm64/run/z0j0k3jy,2023-08-07T05:39:16Z,418.0,418.0,8e6vr17j,piegolds,Australia,EMU,Yes
35,y2kv4q6y,34,https://www.speedrun.com/sm64/run/y2kv4q6y,2023-10-20T22:56:05Z,418.0,418.0,8e6k1loj,PhoenixAUS,,VC,Yes
36,y8dj04xz,37,https://www.speedrun.com/sm64/run/y8dj04xz,2021-05-22T04:46:11Z,419.05,419.05,qjned9qj,tami,Japan,N64,Yes
37,yjdj0g3y,38,https://www.speedrun.com/sm64/run/yjdj0g3y,2022-07-31T21:44:30Z,419.08,419.08,j2ylqn68,Karin,Japan,N64,Yes
38,mroenx2m,39,https://www.speedrun.com/sm64/run/mroenx2m,2022-12-20T01:18:39Z,419.16,419.16,zxzn3w9x,spener1122,Canada,N64,Yes
39,yvv2386y,40,https://www.speedrun.com/sm64/run/yvv2386y,2023-10-15T06:24:41Z,419.68,419.68,8w139m3x,oatslice,Australia,N64,Yes
40,mrlplj7m,41,https://www.speedrun.com/sm64/run/mrlplj7m,2023-08-22T20:04:12Z,419.76,419.76,86nnlvqx,Banova8,France,N64,Yes
41,z5xlg2ny,42,https://www.speedrun.com/sm64/run/z5xlg2ny,2022-10-15T18:53:52Z,420.0,420.0,18q6977j,Burnito,France,N64,Yes
42,y4grwqdy,42,https://www.speedrun.com/sm64/run/y4grwqdy,2023-01-12T20:35:33Z,420.0,420.0,jnz2ykqj,ShaDowSPoweR,France,EMU,Yes
43,y6okpnjy,44,https://www.speedrun.com/sm64/run/y6okpnjy,2023-04-16T22:14:24Z,421.0,421.0,8enge328,BenedictFleur123,Netherlands,EMU,Yes
44,m7pknkem,45,https://www.speedrun.com/sm64/run/m7pknkem,2019-04-26T11:46:52Z,424.0,424.0,zxzpz50j,Fafel,Japan,N64,Yes
45,z0xgo8jz,46,https://www.speedrun.com/sm64/run/z0xgo8jz,2024-02-03T00:55:40Z,429.0,429.0,j5wo65gj,Blahaj64,Canada,N64,Yes
46,mkp9kj1y,46,https://www.speedrun.com/sm64/run/mkp9kj1y,2024-02-26T03:26:47Z,429.0,429.0,xylw0wmj,Linkarf,Québec,N64,Yes
47,z5d68e5m,48,https://www.speedrun.com/sm64/run/z5d68e5m,2021-11-04T18:55:34Z,430.0,430.0,e8evzg7x,gamiru,Japan,N64,No
48,y9x74r2y,49,https://www.speedrun.com/sm64/run/y9x74r2y,2022-08-05T00:55:36Z,434.0,434.0,8rpp0egj,Bluth,United States,N64,No
49,z1p7x9jz,50,https://www.speedrun.com/sm64/run/z1p7x9jz,2022-07-10T21:37:48Z,435.0,435.0,kjpqrr4x,Goldrush,Japan,N64,Yes
50,yl1vl72m,50,https://www.speedrun.com/sm64/run/yl1vl72m,2022-08-18T07:02:17Z,435.0,435.0,j0324nmj,MrDasho,Ecuador,EMU,Yes
51,me30vp9z,52,https://www.speedrun.com/sm64/run/me30vp9z,2022-06-17T17:48:25Z,437.0,437.0,x7m9r50x,SaschaSR,Germany,EMU,Yes
52,yl7lj42m,53,https://www.speedrun.com/sm64/run/yl7lj42m,2022-06-20T22:25:08Z,439.0,439.0,zxzqlnrx,Cysse,France,EMU,Yes
53,mewx729m,53,https://www.speedrun.com/sm64/run/mewx729m,2024-03-02T23:13:49Z,439.0,439.0,xkm3lk7j,Nonag,Germany,EMU,Yes
54,ywnvl3ny,55,https://www.speedrun.com/sm64/run/ywnvl3ny,2023-12-05T22:23:00Z,440.0,440.0,pj0l653j,FailmanFlo,Germany,N64,Yes
55,oy2n26yd,56,https://www.speedrun.com/sm64/run/oy2n26yd,,441.0,441.0,,,,N64,Yes
56,7z08d4m5,56,https://www.speedrun.com/sm64/run/7z08d4m5,,441.0,441.0,18qnw78n,Mese,Japan,N64,Yes
57,zx3l22qz,56,https://www.speedrun.com/sm64/run/zx3l22qz,2023-06-20T14:18:11Z,441.0,441.0,v816eo5x,Soda,,N64,Yes
58,wzp7ll8z,59,https://www.speedrun.com/sm64/run/wzp7ll8z,2017-03-13T21:24:34Z,443.0,443.0,,,,N64,Yes
59,yo44dldm,59,https://www.speedrun.com/sm64/run/yo44dldm,2017-04-30T14:24:03Z,443.0,443.0,qjn9dwxm,360Chrism,Germany,VC,Yes
60,yvo5ro8z,59,https://www.speedrun.com/sm64/run/yvo5ro8z,2021-11-03T12:51:19Z,443.0,443.0,86vq7g3j,nono_6328,Japan,N64,No
61,0y6gv1m7,62,https://www.speedrun.com/sm64/run/0y6gv1m7,,445.0,445.0,,,,N64,Yes
62,y9668wey,63,https://www.speedrun.com/sm64/run/y9668wey,2023-02-12T17:37:16Z,446.0,446.0,qj2z19nj,TheCrit,United States,EMU,Yes
63,znp54l3m,64,https://www.speedrun.com/sm64/run/znp54l3m,2022-07-09T21:27:32Z,447.0,447.0,7j4epgvx,Mcnessyj,New Zealand,N64,Yes
64,y9lg7pky,65,https://www.speedrun.com/sm64/run/y9lg7pky,2022-03-10T21:53:19Z,448.0,448.0,zxzzzrxq,Moose,United States,N64,Yes
65,yj4pq2gy,66,https://www.speedrun.com/sm64/run/yj4pq2gy,2018-10-30T10:18:58Z,449.0,449.0,7j4drzdj,AppleJuice,United States,EMU,Yes
66,yon76rjz,67,https://www.speedrun.com/sm64/run/yon76rjz,2023-06-10T05:50:36Z,450.0,450.0,jm3lqln8,Mauir,Chile,EMU,Yes
67,y860e61m,67,https://www.speedrun.com/sm64/run/y860e61m,2023-07-06T23:19:29Z,450.0,450.0,8v5253yj,taciturn,United States,EMU,Yes
68,y8008d5m,69,https://www.speedrun.com/sm64/run/y8008d5m,2023-02-11T22:20:36Z,452.0,452.0,j425r0wx,enzn,Canada,N64,Yes
69,mel3ol0z,69,https://www.speedrun.com/sm64/run/mel3ol0z,2023-06-26T01:09:18Z,452.0,452.0,x7qqopy8,Kudo,France,N64,Yes
70,zx7qxjey,71,https://www.speedrun.com/sm64/run/zx7qxjey,2022-06-24T17:56:25Z,453.0,453.0,qxkm6mj0,Kyman,Canada,N64,Yes
71,z1k3ongy,71,https://www.speedrun.com/sm64/run/z1k3ongy,2023-09-13T02:59:02Z,453.0,453.0,qjomp63x,Frisson4,Québec,N64,Yes
72,mk841ovm,73,https://www.speedrun.com/sm64/run/mk841ovm,2020-09-16T05:59:20Z,454.0,454.0,qjoq7yl8,KevinKrunch,United States,N64,Yes
73,y69ngnjy,74,https://www.speedrun.com/sm64/run/y69ngnjy,2021-09-08T01:52:19Z,455.0,455.0,98re9d6x,Psyduck64,United States,N64,Yes
74,zgelp3ny,74,https://www.speedrun.com/sm64/run/zgelp3ny,2023-07-21T19:16:06Z,455.0,455.0,j4rg3z58,CheesyLeech,United States,N64,No
75,zpgpodrz,76,https://www.speedrun.com/sm64/run/zpgpodrz,2023-02-25T06:05:29Z,456.0,456.0,j4232gmx,VonJim,Québec,N64,Yes
76,z0j73pey,77,https://www.speedrun.com/sm64/run/z0j73pey,2023-06-14T12:52:22Z,457.0,457.0,8vkn1mnj,madware,Chile,N64,Yes
77,y4o6nknz,77,https://www.speedrun.com/sm64/run/y4o6nknz,2023-07-23T12:33:39Z,457.0,457.0,zxz1vorj,Karyno,France,N64,Yes
78,yjwwo5nm,79,https://www.speedrun.com/sm64/run/yjwwo5nm,2023-12-18T21:05:25Z,460.0,460.0,j4rpdvw8,DerMuriToaster,Germany,EMU,Yes
79,zxwn768m,80,https://www.speedrun.com/sm64/run/zxwn768m,2023-12-01T07:34:54Z,461.0,461.0,v8lgdovj,Drac,Brazil,N64,Yes
80,yjp9dr7y,81,https://www.speedrun.com/sm64/run/yjp9dr7y,2022-06-28T04:54:25Z,462.0,462.0,68wzrnv8,aussieadam,United States,EMU,Yes
81,y2k8opwy,81,https://www.speedrun.com/sm64/run/y2k8opwy,2024-01-14T02:53:31Z,462.0,462.0,81kddqpj,dekitan,,N64,Yes
82,mke03vlm,83,https://www.speedrun.com/sm64/run/mke03vlm,2022-02-02T14:15:51Z,463.0,463.0,48g23pyj,galapagos,Japan,N64,Yes
83,mel7q93z,84,https://www.speedrun.com/sm64/run/mel7q93z,2023-06-13T10:45:58Z,464.0,464.0,j40y2pv8,Tansan,Japan,N64,Yes
84,y98nxl2z,85,https://www.speedrun.com/sm64/run/y98nxl2z,2023-06-04T19:22:20Z,465.0,465.0,j2636gox,smc_,Scotland,N64,Yes
85,zq0rrw8y,86,https://www.speedrun.com/sm64/run/zq0rrw8y,2021-12-18T16:38:25Z,466.0,466.0,8qrgozwj,Oxelput,Germany,N64,Yes
86,yl7d9grm,86,https://www.speedrun.com/sm64/run/yl7d9grm,2022-06-22T05:03:30Z,466.0,466.0,48geze7j,heeheex2,Canada,VC,Yes
87,yo04po1y,86,https://www.speedrun.com/sm64/run/yo04po1y,2024-02-20T12:54:05Z,466.0,466.0,8107re5x,skiprandom736,Singapore,EMU,Yes
88,y8xdl2dm,89,https://www.speedrun.com/sm64/run/y8xdl2dm,2022-08-26T15:39:01Z,468.0,468.0,1xy05zjr,turara32767,Japan,N64,Yes
89,m35l976y,90,https://www.speedrun.com/sm64/run/m35l976y,2020-06-18T22:50:52Z,469.0,469.0,1xyldrvj,anti,,N64,Yes
90,7z0pnw4y,91,https://www.speedrun.com/sm64/run/7z0pnw4y,2016-02-20T15:12:15Z,470.0,470.0,qjn3egwx,Babass_21,France,EMU,Yes
91,yjo4epdz,91,https://www.speedrun.com/sm64/run/yjo4epdz,2024-02-27T23:31:49Z,470.0,470.0,joo3093j,ChiaraSM64,France,EMU,Yes
92,mr7ox67z,93,https://www.speedrun.com/sm64/run/mr7ox67z,2022-06-10T13:15:07Z,471.0,471.0,8rpv21dj,ZeusSM64,New Zealand,EMU,Yes
93,8yvnx4mo,94,https://www.speedrun.com/sm64/run/8yvnx4mo,,472.0,472.0,e8e6k12j,kumasyatyou,Japan,N64,No
94,nz11j7rz,95,https://www.speedrun.com/sm64/run/nz11j7rz,2015-02-11T11:31:53Z,473.0,473.0,zx7qg687,ParadoxKarl,Esperanto,N64,Yes
95,y4qkro2m,95,https://www.speedrun.com/sm64/run/y4qkro2m,2022-06-19T02:13:37Z,473.0,473.0,zx7gkrx7,alaris,United States,N64,No
96,zpp958vz,95,https://www.speedrun.com/sm64/run/zpp958vz,2023-11-20T01:24:33Z,473.0,473.0,8q3g5goj,TaylorSwiftSimp,United States,N64,Yes
97,meo33x9z,98,https://www.speedrun.com/sm64/run/meo33x9z,2020-06-07T22:19:14Z,474.0,474.0,qjo5lrl8,SaltAndGinger,Jersey,N64,Yes
98,yolqe7jy,98,https://www.speedrun.com/sm64/run/yolqe7jy,2023-03-14T22:22:02Z,474.0,474.0,8r7wykdj,quarters,,N64,Yes
99,ywj6lj2z,100,https://www.speedrun.com/sm64/run/ywj6lj2z,2022-01-27T05:50:52Z,475.0,475.0,xk41ok7j,Cosmalano,,N64,Yes
100,znpn3rvm,100,https://www.speedrun.com/sm64/run/znpn3rvm,2022-07-22T19:13:51Z,475.0,475.0,jo2l6w78,PabloDiazViolin,Spain,N64,Yes
101,yvpnpjey,100,https://www.speedrun.com/sm64/run/yvpnpjey,2023-08-01T03:01:53Z,475.0,475.0,81qn9n5j,turtlehippo,Canada,N64,Yes
102,meelov9m,103,https://www.speedrun.com/sm64/run/meelov9m,2023-02-16T16:24:07Z,476.0,476.0,qjo0ge7j,millacks,Ireland,VC,Yes
103,y6qwqxpz,104,https://www.speedrun.com/sm64/run/y6qwqxpz,2024-01-23T17:35:50Z,477.0,477.0,81q1oq5j,Ian_1243,Peru,N64,Yes
104,y6l0l81y,105,https://www.speedrun.com/sm64/run/y6l0l81y,2019-09-29T06:00:54Z,478.0,478.0,5j5r396x,YUKING,Japan,N64,Yes
105,y60xgrqy,105,https://www.speedrun.com/sm64/run/y60xgrqy,2022-06-05T11:52:38Z,478.0,478.0,86vvqv0j,Dillarune,Indonesia,EMU,Yes
106,mrl1kq4m,105,https://www.speedrun.com/sm64/run/mrl1kq4m,2023-06-09T04:11:43Z,478.0,478.0,8rlr3pg8,siggyscorp,United States,N64,Yes
107,zx3ow55z,108,https://www.speedrun.com/sm64/run/zx3ow55z,2023-06-17T12:42:08Z,479.0,479.0,j9rd5koj,taquanrice,Japan,N64,Yes
108,yvvqgj4y,108,https://www.speedrun.com/sm64/run/yvvqgj4y,2023-11-06T17:08:03Z,479.0,479.0,j2wrvyoj,Tanishy,Japan,N64,No
109,z1pnxj9z,110,https://www.speedrun.com/sm64/run/z1pnxj9z,2022-06-27T12:36:08Z,481.0,481.0,8end5g78,SonicGordon6,United States,EMU,Yes
110,ywrxol3m,111,https://www.speedrun.com/sm64/run/ywrxol3m,2023-07-28T18:06:37Z,482.0,482.0,8lpl934j,PegiTheLoca,Germany,EMU,Yes
111,yddjw6wy,112,https://www.speedrun.com/sm64/run/yddjw6wy,2022-06-14T03:46:42Z,486.0,486.0,8rprrndj,N8rBeans,United States,N64,Yes
112,m70011ey,113,https://www.speedrun.com/sm64/run/m70011ey,2023-07-10T03:11:15Z,487.0,487.0,zxz67wn8,AJLane,United States,N64,Yes
113,emkx42vz,114,https://www.speedrun.com/sm64/run/emkx42vz,2017-01-09T02:26:07Z,488.0,488.0,5j52e9qj,GUTOA,Japan,N64,Yes
114,m3n30k4y,115,https://www.speedrun.com/sm64/run/m3n30k4y,2021-02-18T16:20:08Z,489.0,489.0,kjp07yy8,SilverCross,United States,N64,Yes
115,y4q03xkm,116,https://www.speedrun.com/sm64/run/y4q03xkm,2022-07-09T19:57:04Z,490.0,490.0,7j4q7emx,eleesuh,Germany,N64,Yes
116,meld000z,116,https://www.speedrun.com/sm64/run/meld000z,2023-08-17T10:16:49Z,490.0,490.0,e8ewrz78,ariapath,Australia,EMU,Yes
117,yjxv8ldz,118,https://www.speedrun.com/sm64/run/yjxv8ldz,2022-03-19T00:50:09Z,491.0,491.0,zxze4qex,caleb2112,United States,N64,Yes
118,2ywwxpy4,119,https://www.speedrun.com/sm64/run/2ywwxpy4,,492.0,492.0,v81kkerj,aKaFuKu,Japan,N64,Yes
119,z57p2onm,119,https://www.speedrun.com/sm64/run/z57p2onm,2019-11-17T22:48:45Z,492.0,492.0,7j47lplj,dumpdome64,United States,EMU,Yes
120,m7021qey,119,https://www.speedrun.com/sm64/run/m7021qey,2023-07-05T06:32:29Z,492.0,492.0,1xyqkgz8,Sanklo,Argentina,EMU,Yes
121,y6rdr5py,122,https://www.speedrun.com/sm64/run/y6rdr5py,2020-10-25T19:31:46Z,493.0,493.0,jmo4ewn8,Mathematix,United States,EMU,Yes
122,z0o2xloz,123,https://www.speedrun.com/sm64/run/z0o2xloz,2022-03-13T19:18:31Z,494.0,494.0,zx7gnyx7,Dwhatever,Germany,N64,Yes
123,yvredo4z,123,https://www.speedrun.com/sm64/run/yvredo4z,2022-07-17T20:14:00Z,494.0,494.0,y8dz54gj,Maosfx,United States,N64,Yes
124,y88nlw1y,125,https://www.speedrun.com/sm64/run/y88nlw1y,2022-07-12T23:47:45Z,495.0,495.0,5j5gwr68,Speedrun,United States,EMU,Yes
125,zgq230vy,125,https://www.speedrun.com/sm64/run/zgq230vy,2022-09-14T10:00:43Z,495.0,495.0,8g547vyj,RealPrimeSub,United States,EMU,Yes
126,meeqdj9m,125,https://www.speedrun.com/sm64/run/meeqdj9m,2023-04-15T16:13:03Z,495.0,495.0,v8l04qv8,Smurfy,Canada,N64,Yes
127,y863xpnm,125,https://www.speedrun.com/sm64/run/y863xpnm,2023-04-26T16:12:34Z,495.0,495.0,86n94m0x,Joanbros,France,EMU,Yes
128,mrlvjg2m,125,https://www.speedrun.com/sm64/run/mrlvjg2m,2023-07-19T21:31:34Z,495.0,495.0,8v55qvej,Lucinovic,Netherlands,N64,Yes
129,z0e5w04m,130,https://www.speedrun.com/sm64/run/z0e5w04m,2017-06-20T05:33:28Z,496.0,496.0,e8e6edj0,GothicLogic,United Kingdom,N64,Yes
130,6yje93md,131,https://www.speedrun.com/sm64/run/6yje93md,,497.0,497.0,,,,N64,Yes
131,z0ov6eoz,131,https://www.speedrun.com/sm64/run/z0ov6eoz,2022-03-29T03:44:32Z,497.0,497.0,98rl4w38,HorrorDoesSpeedRuns,United States,N64,Yes
132,yvr8216z,133,https://www.speedrun.com/sm64/run/yvr8216z,2022-06-08T04:56:36Z,498.0,498.0,qxkovr28,zach,United States,N64,Yes
133,yvppe38y,133,https://www.speedrun.com/sm64/run/yvppe38y,2023-07-14T06:08:26Z,498.0,498.0,8v5nwrnj,Michaelguy,United States,EMU,Yes
134,y9vj7nrm,135,https://www.speedrun.com/sm64/run/y9vj7nrm,2022-06-22T02:28:38Z,499.0,499.0,98rv2rdj,Perna64,United States,N64,Yes
135,7ylpxkmp,136,https://www.speedrun.com/sm64/run/7ylpxkmp,,500.0,500.0,,,,N64,No
136,zpw2n3gy,136,https://www.speedrun.com/sm64/run/zpw2n3gy,2023-06-19T16:58:18Z,500.0,500.0,18q5www8,BigfootTouchedMe,Australia,EMU,Yes
137,ydd4o60y,138,https://www.speedrun.com/sm64/run/ydd4o60y,2022-07-08T15:02:30Z,501.0,501.0,xz9z40r8,zMatt_,Italy,N64,No
138,yvp92oey,139,https://www.speedrun.com/sm64/run/yvp92oey,2023-05-28T09:51:22Z,502.0,502.0,pj0rd9mj,Gemini_,Australia,EMU,Yes
139,yvpon8xy,139,https://www.speedrun.com/sm64/run/yvpon8xy,2023-06-18T01:36:17Z,502.0,502.0,pj0mn69x,B1GEY3DPYTH0N,,N64,Yes
140,pzgjovz2,141,https://www.speedrun.com/sm64/run/pzgjovz2,,503.0,503.0,,,,N64,Yes
141,zpwk38xy,141,https://www.speedrun.com/sm64/run/zpwk38xy,2023-07-30T16:57:57Z,503.0,503.0,x7wzv1v8,ADRki11er,Brazil,EMU,Yes
142,9meng9m7,143,https://www.speedrun.com/sm64/run/9meng9m7,2023-10-04T18:54:05Z,504.0,504.0,,,,N64,Yes
143,zgqn38ey,143,https://www.speedrun.com/sm64/run/zgqn38ey,2022-08-01T04:20:58Z,504.0,504.0,v810d5rx,SubmarineCpt,United States,EMU,Yes
144,z05k0jom,145,https://www.speedrun.com/sm64/run/z05k0jom,2020-08-09T05:03:05Z,507.0,507.0,o86q79qx,YobunTeme,Japan,N64,Yes
145,mk0704xz,146,https://www.speedrun.com/sm64/run/mk0704xz,2023-06-05T04:49:53Z,508.0,508.0,x72zygq8,Avasion,United States,EMU,Yes
146,melelq2z,147,https://www.speedrun.com/sm64/run/melelq2z,2023-07-08T02:02:07Z,509.0,509.0,8gee0n2j,Doginator,United States,N64,Yes
147,yvq5p7xm,148,https://www.speedrun.com/sm64/run/yvq5p7xm,2022-03-07T21:17:19Z,512.0,512.0,18vdp928,FrostySeason,Sweden,N64,Yes
148,y62okl6z,149,https://www.speedrun.com/sm64/run/y62okl6z,2023-07-09T23:09:38Z,513.0,513.0,joo4ykej,Battaflai,Germany,EMU,Yes
149,znp350vm,150,https://www.speedrun.com/sm64/run/znp350vm,2022-05-06T18:53:50Z,514.0,514.0,18v7n5n8,Nyx64,,EMU,Yes
150,zqv68e9m,151,https://www.speedrun.com/sm64/run/zqv68e9m,2021-07-31T18:22:24Z,515.0,515.0,7j43q6w8,JayBeanz,United States,N64,Yes
151,mk4w3dvy,152,https://www.speedrun.com/sm64/run/mk4w3dvy,2018-02-20T21:46:22Z,516.0,516.0,kjp9p28q,Sigotu,Poland,EMU,Yes
152,y65kdn1z,152,https://www.speedrun.com/sm64/run/y65kdn1z,2020-08-31T05:20:59Z,516.0,516.0,qxkk329x,SSPssp,South Korea,EMU,Yes
153,z52eo05z,154,https://www.speedrun.com/sm64/run/z52eo05z,2022-06-07T02:13:44Z,517.0,517.0,8qz5qoq8,BizzareScape,Mexico,N64,Yes
154,nz1lov9m,155,https://www.speedrun.com/sm64/run/nz1lov9m,2016-06-07T09:37:48Z,518.0,518.0,18vkpkyj,KobrahCJ,United States,N64,Yes
155,z0xv1d4z,155,https://www.speedrun.com/sm64/run/z0xv1d4z,2024-02-07T11:54:12Z,518.0,518.0,x3mndr28,Nico2718,Italy,VC,Yes
156,zqj8nv9m,157,https://www.speedrun.com/sm64/run/zqj8nv9m,2023-07-23T19:19:13Z,519.0,519.0,jn9qe22x,Famin,United States,EMU,Yes
157,z1lw4g9m,158,https://www.speedrun.com/sm64/run/z1lw4g9m,2023-09-04T19:01:26Z,520.0,520.0,8r3064w8,JTown2909,United States,N64,Yes
158,zx3l97ez,159,https://www.speedrun.com/sm64/run/zx3l97ez,2023-06-19T17:33:29Z,521.0,521.0,863k2ww8,MeepJeep,Germany,N64,Yes
159,dy4wv2qm,160,https://www.speedrun.com/sm64/run/dy4wv2qm,2015-06-17T07:18:19Z,523.0,523.0,68wwn48g,Mitagi,Japan,N64,Yes
160,zglnr5dm,161,https://www.speedrun.com/sm64/run/zglnr5dm,2024-02-20T02:00:05Z,524.0,524.0,8lpv62lj,WtblkZ,China,EMU,Yes
161,y9v662nm,162,https://www.speedrun.com/sm64/run/y9v662nm,2022-06-09T14:34:31Z,530.0,530.0,8l02n628,mojopug,Spain,EMU,Yes
162,y2pggk9z,162,https://www.speedrun.com/sm64/run/y2pggk9z,2022-06-15T03:53:48Z,530.0,530.0,xk4rk32j,Tankfird,United States,EMU,Yes
163,y9xdrwky,164,https://www.speedrun.com/sm64/run/y9xdrwky,2022-10-10T22:29:00Z,531.0,531.0,xyrwkqwj,Yudalol,Canada,N64,Yes
164,zpw1r9gy,164,https://www.speedrun.com/sm64/run/zpw1r9gy,2023-06-09T06:45:23Z,531.0,531.0,8r7412qj,Rynnoo,United States,N64,Yes
165,z5k42kjz,166,https://www.speedrun.com/sm64/run/z5k42kjz,2024-01-28T10:35:58Z,534.0,534.0,j26ewg7x,Littlezombie,China,EMU,Yes
166,9yoqx7zx,167,https://www.speedrun.com/sm64/run/9yoqx7zx,,536.0,536.0,dx35r2jl,exe,Germany,N64,Yes
167,y9lk11ey,168,https://www.speedrun.com/sm64/run/y9lk11ey,2022-02-07T04:03:26Z,537.0,537.0,8qzwgr78,toilet64_,United States,N64,Yes
168,y4e3v6km,169,https://www.speedrun.com/sm64/run/y4e3v6km,2020-09-25T07:00:23Z,539.0,539.0,qjn6qqqx,bann_jpn,Japan,N64,Yes
169,m3r43jqm,170,https://www.speedrun.com/sm64/run/m3r43jqm,2021-07-11T20:15:14Z,540.0,540.0,jo3o7dej,456Productions,United States,EMU,Yes
170,yjddnp7y,170,https://www.speedrun.com/sm64/run/yjddnp7y,2022-09-14T00:28:43Z,540.0,540.0,pj0eny48,scoagogo,Northern Ireland,EMU,Yes
171,yo34jl0y,172,https://www.speedrun.com/sm64/run/yo34jl0y,2020-09-12T19:50:45Z,542.0,542.0,dx394zkx,max25,England,N64,Yes
172,8y8vg1wz,173,https://www.speedrun.com/sm64/run/8y8vg1wz,2015-09-09T12:14:31Z,543.0,543.0,zx7q2pv8,Beck,United States,N64,Yes
173,yvq5ro8m,174,https://www.speedrun.com/sm64/run/yvq5ro8m,2022-03-07T00:53:13Z,546.0,546.0,863719q8,BananilsonFarofa,Brazil,EMU,Yes
174,yj1x767y,175,https://www.speedrun.com/sm64/run/yj1x767y,2021-02-15T15:18:40Z,549.0,549.0,98rrd381,srb,Germany,N64,Yes
175,yw3p38nm,175,https://www.speedrun.com/sm64/run/yw3p38nm,2022-04-16T21:44:31Z,549.0,549.0,kj90merj,FinW,,N64,Yes
176,z52g2x5z,175,https://www.speedrun.com/sm64/run/z52g2x5z,2022-06-27T22:19:31Z,549.0,549.0,18qk2m78,DentoriousRed,United States,N64,Yes
177,y2pke6jz,178,https://www.speedrun.com/sm64/run/y2pke6jz,2022-06-19T21:43:53Z,550.0,550.0,8vkqwknj,GroundPoundGary,United States,EMU,Yes
178,wzpkx8yq,179,https://www.speedrun.com/sm64/run/wzpkx8yq,,551.0,551.0,,,,N64,Yes
179,mr233pgy,180,https://www.speedrun.com/sm64/run/mr233pgy,2024-02-12T10:42:47Z,552.0,552.0,8lrkpl78,welfare_ninja,Canada,N64,Yes
180,pydvlwyn,181,https://www.speedrun.com/sm64/run/pydvlwyn,,553.0,553.0,,,,N64,No
181,zqjok78m,182,https://www.speedrun.com/sm64/run/zqjok78m,2023-08-19T20:57:46Z,555.0,555.0,8d3mywlx,ross3102,United States,EMU,Yes
182,yvgnkroy,183,https://www.speedrun.com/sm64/run/yvgnkroy,2018-02-17T11:33:42Z,558.0,558.0,,,,N64,No
183,yvrv04ez,184,https://www.speedrun.com/sm64/run/yvrv04ez,2022-06-19T19:14:55Z,559.0,559.0,xkmp5p7j,Puxel64,,EMU,Yes
184,zq78k3rm,184,https://www.speedrun.com/sm64/run/zq78k3rm,2022-06-21T22:44:04Z,559.0,559.0,8g5772rj,Semaa,Bosnia and Herzegovina,EMU,Yes
185,z1gj6j9z,184,https://www.speedrun.com/sm64/run/z1gj6j9z,2022-08-11T04:00:14Z,559.0,559.0,xko6o278,Seceon,Chile,N64,Yes
186,y6v54pjm,187,https://www.speedrun.com/sm64/run/y6v54pjm,2024-03-12T07:16:05Z,560.0,560.0,8w1de74x,aflyingcougar,United States,N64,Yes
187,y80d3jdm,188,https://www.speedrun.com/sm64/run/y80d3jdm,2023-01-11T15:46:55Z,563.0,563.0,zx7dz1vx,AlejoWasHere,Spain,EMU,Yes
188,z0jrk44y,188,https://www.speedrun.com/sm64/run/z0jrk44y,2023-06-12T20:10:08Z,563.0,563.0,xz06gme8,RxCursed,Colombia,EMU,Yes
189,me97n82z,190,https://www.speedrun.com/sm64/run/me97n82z,2021-02-07T20:33:13Z,564.0,564.0,86v01k5j,camgibb,United States,EMU,Yes
190,mrlr9j7m,191,https://www.speedrun.com/sm64/run/mrlr9j7m,2023-07-01T06:09:26Z,565.0,565.0,j2w1w5lj,RONC3NA,United States,N64,Yes
191,me3ok5qz,192,https://www.speedrun.com/sm64/run/me3ok5qz,2022-04-26T13:23:20Z,566.0,566.0,qxkvqp2j,PKT_Distinct,France,N64,Yes
192,y4kv1pdm,193,https://www.speedrun.com/sm64/run/y4kv1pdm,2024-01-21T14:22:18Z,571.0,571.0,xz27094x,Sadr,France,EMU,Yes
193,mk95pnlz,194,https://www.speedrun.com/sm64/run/mk95pnlz,2018-09-27T05:29:05Z,575.0,575.0,kjp9nvk8,fazerlazer80,United States,N64,Yes
194,mre9px2y,194,https://www.speedrun.com/sm64/run/mre9px2y,2019-07-31T08:44:11Z,575.0,575.0,e8e3m7j0,imglower,United States,N64,Yes
195,y887lj1y,194,https://www.speedrun.com/sm64/run/y887lj1y,2022-07-25T05:19:57Z,575.0,575.0,7j4o0lm8,BEACHBUM,,N64,Yes
196,zn1kp89m,197,https://www.speedrun.com/sm64/run/zn1kp89m,2021-04-28T12:19:24Z,576.0,576.0,j2yzn568,gamer_nl,Netherlands,EMU,Yes
197,yvpodr8y,198,https://www.speedrun.com/sm64/run/yvpodr8y,2023-06-19T05:00:24Z,585.0,585.0,jo35yn7j,Luisito,Mexico,VC,Yes
198,z0je66jy,199,https://www.speedrun.com/sm64/run/z0je66jy,2023-05-01T08:10:14Z,586.0,586.0,8geyv5pj,JakeMorris,United States,N64,Yes
199,yj21o73m,199,https://www.speedrun.com/sm64/run/yj21o73m,2023-06-05T22:46:26Z,586.0,586.0,j4q1vpwx,shadowbear,Canada,N64,Yes
200,z5pdrknm,201,https://www.speedrun.com/sm64/run/z5pdrknm,2023-06-15T18:26:51Z,594.0,594.0,8r2ngoqx,reallifebutters,United States,N64,Yes
201,y8kl88dy,202,https://www.speedrun.com/sm64/run/y8kl88dy,2024-01-23T00:16:46Z,596.0,596.0,x3w377ej,AbUnderscored,Jordan,EMU,Yes
202,zxqkvjem,202,https://www.speedrun.com/sm64/run/zxqkvjem,2024-03-01T09:39:41Z,596.0,596.0,8v211gyj,lloyD5569,United States,EMU,Yes
203,mkqnvplm,204,https://www.speedrun.com/sm64/run/mkqnvplm,2024-01-28T19:59:32Z,600.0,600.0,8vok3myx,Gritich,Esperanto,EMU,Yes
204,m79wxn9y,205,https://www.speedrun.com/sm64/run/m79wxn9y,2017-10-03T13:04:02Z,606.0,606.0,dx35v6ej,MrMeanMoustache,Netherlands,N64,Yes
205,yl4v6pnm,206,https://www.speedrun.com/sm64/run/yl4v6pnm,2018-08-12T23:17:53Z,614.0,614.0,68wgmkvx,Busbyy,Northern Ireland,N64,Yes
206,y998x1ky,206,https://www.speedrun.com/sm64/run/y998x1ky,2021-06-10T00:57:53Z,614.0,614.0,8ge9k0rj,ryompt,United States,EMU,Yes
207,mrqv90dy,208,https://www.speedrun.com/sm64/run/mrqv90dy,2018-01-14T19:41:30Z,630.0,630.0,1xyo4enj,chlidlunk,France,VC,Yes
208,jy9pdvm4,209,https://www.speedrun.com/sm64/run/jy9pdvm4,,635.0,635.0,,,,N64,Yes
209,y21rj95z,210,https://www.speedrun.com/sm64/run/y21rj95z,2020-02-04T07:59:38Z,636.0,636.0,qj2l346x,TheSimplePotato,United States,EMU,Yes
210,dy4n7qml,211,https://www.speedrun.com/sm64/run/dy4n7qml,,640.0,640.0,,,,EMU,Yes
211,mk09783z,212,https://www.speedrun.com/sm64/run/mk09783z,2023-05-08T02:03:55Z,642.0,642.0,j52myw6j,Mario104,China,EMU,Yes
212,yvqkno6m,213,https://www.speedrun.com/sm64/run/yvqkno6m,2022-03-20T05:26:14Z,648.0,648.0,jn3kg62x,GregoTheGreatest,United States,N64,Yes
213,yop36p7m,214,https://www.speedrun.com/sm64/run/yop36p7m,2022-05-03T18:35:36Z,655.0,655.0,xz79p1nj,tanepota,Japan,N64,Yes
214,mrk7x62y,215,https://www.speedrun.com/sm64/run/mrk7x62y,2020-06-09T19:29:34Z,657.0,657.0,v81eydrj,Minelover,United States,EMU,Yes
215,nz1vngze,216,https://www.speedrun.com/sm64/run/nz1vngze,,664.0,664.0,,,,N64,No
216,ywrjegnm,217,https://www.speedrun.com/sm64/run/ywrjegnm,2023-06-19T18:16:58Z,667.0,667.0,98rzr0gx,Shadow64,United Kingdom,N64,Yes
217,z51179em,218,https://www.speedrun.com/sm64/run/z51179em,2018-06-25T20:13:34Z,669.0,669.0,18vr2m5x,GameShark,Netherlands,N64,Yes
218,y6n47w6z,219,https://www.speedrun.com/sm64/run/y6n47w6z,2022-03-16T14:58:27Z,670.0,670.0,86nz1n0x,3DMan06,Germany,EMU,No
219,yvpxwd6y,219,https://www.speedrun.com/sm64/run/yvpxwd6y,2023-07-29T09:12:07Z,670.0,670.0,8w1rr94x,sanj,Canada,EMU,Yes
220,yw1w733z,221,https://www.speedrun.com/sm64/run/yw1w733z,2018-02-17T11:36:01Z,678.0,678.0,,,,N64,No
221,1zqpv9ml,222,https://www.speedrun.com/sm64/run/1zqpv9ml,,681.0,681.0,v8lo348m,Pokeblok,New Zealand,EMU,Yes
222,emko1vz6,223,https://www.speedrun.com/sm64/run/emko1vz6,,693.0,693.0,kjp6pz58,Gana64,Japan,N64,No
223,z12e2pjy,223,https://www.speedrun.com/sm64/run/z12e2pjy,2022-03-24T09:37:44Z,693.0,693.0,8r7zwndj,Ayushman4321,India,EMU,Yes
224,zq05dd1y,225,https://www.speedrun.com/sm64/run/zq05dd1y,2022-03-08T00:34:16Z,696.0,696.0,18q6w4wj,Waterbird165,United States,N64,Yes
225,zn7669vm,225,https://www.speedrun.com/sm64/run/zn7669vm,2022-03-15T03:47:56Z,696.0,696.0,j0vkm73x,druz,United States,EMU,Yes
226,mr1lj5dz,227,https://www.speedrun.com/sm64/run/mr1lj5dz,2021-06-07T21:40:40Z,720.0,720.0,8l0g37v8,dokokoko,,EMU,Yes
227,6yj25p7m,228,https://www.speedrun.com/sm64/run/6yj25p7m,2016-06-11T15:51:30Z,722.0,722.0,qxk40p9j,Kiriplant,Australia,VC,Yes
228,mk0ollxz,229,https://www.speedrun.com/sm64/run/mk0ollxz,2023-07-29T09:50:38Z,734.0,734.0,81qrwmpj,Aslan61,Germany,N64,Yes
229,mk8nxr3m,230,https://www.speedrun.com/sm64/run/mk8nxr3m,2021-01-04T06:08:20Z,742.0,742.0,jmpl1doj,GnarlyBobMarley,United States,N64,No
230,z051n58m,231,https://www.speedrun.com/sm64/run/z051n58m,2020-04-19T16:31:41Z,747.0,747.0,qxkz2mmx,simesaba0708,Japan,N64,Yes
231,9mr0x2mq,232,https://www.speedrun.com/sm64/run/9mr0x2mq,,778.0,778.0,,,,N64,Yes
232,m723dn9z,233,https://www.speedrun.com/sm64/run/m723dn9z,2023-02-22T11:48:21Z,787.0,787.0,x3349pqx,yuniruyuni,Japan,VC,Yes
233,mrl623gm,234,https://www.speedrun.com/sm64/run/mrl623gm,2023-06-23T01:46:56Z,796.0,796.0,86vm37pj,sevenyoshi,United States,N64,Yes
234,kz5pgkjm,235,https://www.speedrun.com/sm64/run/kz5pgkjm,2016-06-23T21:07:22Z,799.0,799.0,kj96o2nj,bluntslide42,United States,VC,Yes
235,z1lr7egm,236,https://www.speedrun.com/sm64/run/z1lr7egm,2023-06-12T20:14:55Z,814.0,814.0,8q316z7j,dista,United States,N64,Yes
236,y6qlpgpz,237,https://www.speedrun.com/sm64/run/y6qlpgpz,2023-09-24T20:57:45Z,815.0,815.0,81m4wnq8,LameOH,United States,EMU,Yes
237,1zxjxqyx,238,https://www.speedrun.com/sm64/run/1zxjxqyx,,817.0,817.0,,,,N64,No
238,y230r29m,239,https://www.speedrun.com/sm64/run/y230r29m,2017-10-09T22:46:21Z,825.0,825.0,7j4075l8,DFGBen,Germany,VC,Yes
239,mrl4wg7m,240,https://www.speedrun.com/sm64/run/mrl4wg7m,2023-06-07T06:41:56Z,830.0,830.0,xy5g6zv8,Nation_LIVE,United States,N64,Yes
240,zgedl2ny,241,https://www.speedrun.com/sm64/run/zgedl2ny,2023-06-23T04:28:12Z,857.0,857.0,j20qnrlx,MrFroggy,United States,EMU,Yes
241,z0pjv4ey,242,https://www.speedrun.com/sm64/run/z0pjv4ey,2022-06-17T13:01:12Z,877.0,877.0,8en063p8,Prismatic_Fast,United States,EMU,Yes
242,yjx7ngnz,243,https://www.speedrun.com/sm64/run/yjx7ngnz,2022-03-10T04:47:08Z,891.0,891.0,jp4y0g2j,ooferboi_69,United States,N64,Yes
243,zx39x7ez,244,https://www.speedrun.com/sm64/run/zx39x7ez,2023-04-28T00:45:13Z,897.0,897.0,x3qm31kj,Arcanelous,Switzerland,N64,Yes
244,z0ok0oez,245,https://www.speedrun.com/sm64/run/z0ok0oez,2022-03-08T23:20:42Z,918.0,918.0,8gee7n7j,LxqZach,Germany,N64,Yes
245,kz5lggyr,246,https://www.speedrun.com/sm64/run/kz5lggyr,,1041.0,1041.0,,,,N64,No
246,y9861nkz,247,https://www.speedrun.com/sm64/run/y9861nkz,2023-07-06T07:40:28Z,1313.0,1313.0,jp4q645j,GoodGrieth,,N64,Yes
247,zq79dprm,248,https://www.speedrun.com/sm64/run/zq79dprm,2022-06-04T22:53:04Z,1388.0,1388.0,0jmw6wex,Bombs,United States,N64,Yes
248,0y6n316z,249,https://www.speedrun.com/sm64/run/0y6n316z,2016-01-03T07:24:11Z,1474.0,1474.0,zxz97kn8,Drogie,Switzerland,N64,Yes
249,y48vvxdm,250,https://www.speedrun.com/sm64/run/y48vvxdm,2022-03-15T02:33:02Z,1481.0,1481.0,8qrldp7j,Amahumahaba,United States,N64,Yes
250,mk0k4w3z,251,https://www.speedrun.com/sm64/run/mk0k4w3z,2023-06-25T10:17:59Z,1501.0,1501.0,8dw231lj,Snepy,Chile,N64,Yes
251,y8jn8gnz,252,https://www.speedrun.com/sm64/run/y8jn8gnz,2022-03-07T03:05:31Z,1508.0,1508.0,j03z503j,Taki,Canada,N64,No
252,yw4jx19z,253,https://www.speedrun.com/sm64/run/yw4jx19z,2019-09-21T02:59:53Z,1576.0,1576.0,qj2rw3ox,iZePlayz,Germany,EMU,Yes
253,y4kg0kkm,254,https://www.speedrun.com/sm64/run/y4kg0kkm,2023-12-04T12:09:21Z,2110.0,2110.0,8l35dzl8,KalasLawliet,France,N64,Yes
254,zxl5e7qz,255,https://www.speedrun.com/sm64/run/zxl5e7qz,2022-03-10T05:53:48Z,2368.0,2368.0,j92zg478,Bailey_sm64,United States,N64,Yes
255,mk0gn81z,256,https://www.speedrun.com/sm64/run/mk0gn81z,2023-06-13T02:58:50Z,2600.0,2600.0,7j4975w8,mashSRL,Germany,N64,Yes
256,y4gp7w3y,257,https://www.speedrun.com/sm64/run/y4gp7w3y,2023-04-18T17:01:46Z,2706.0,2706.0,qxk59y7x,KingToad64,France,EMU,No
257,me3elj9z,258,https://www.speedrun.com/sm64/run/me3elj9z,2022-06-09T20:50:07Z,2863.0,2863.0,j5vgmmg8,Hendyman,Germany,EMU,Yes
258,y9lwvwny,259,https://www.speedrun.com/sm64/run/y9lwvwny,2022-03-07T03:08:25Z,2969.0,2969.0,1xyky4n8,thags15,United States,N64,Yes
259,y60x381y,260,https://www.speedrun.com/sm64/run/y60x381y,2022-06-02T04:20:23Z,3877.0,3877.0,kjpoery8,Falcon,Canada,N64,Yes
260,ydgxv7qy,261,https://www.speedrun.com/sm64/run/ydgxv7qy,2023-04-08T14:45:58Z,4368.0,4368.0,zxzpmmnj,MiT_Epona,South Korea,N64,Yes
261,z11970jz,262,https://www.speedrun.com/sm64/run/z11970jz,2019-01-19T00:37:39Z,4469.0,4469.0,zxznzp0x,SmallAnt,Canada,N64,Yes
262,m722564z,263,https://www.speedrun.com/sm64/run/m722564z,2023-02-10T20:21:34Z,5265.0,5265.0,j0n10kw8,jaquarium,United States,N64,Yes
263,m362v0dm,264,https://www.speedrun.com/sm64/run/m362v0dm,2022-03-09T00:49:43Z,6545.0,6545.0,1xy1oozx,ringo792,United States,N64,Yes
264,m33lv24m,265,https://www.speedrun.com/sm64/run/m33lv24m,2022-06-11T00:58:41Z,8827.0,8827.0,j4rlpz58,Gloupi,Switzerland,VC,Yes
